K,Theta,TotalDV,DSMDV,dt,vinfLaunch,vinf1x,vinf1y,vinf2x,vinf2y,bendang,fb_radius,dvegaRA
2,44,5.8899349626556,0.469676820401861,800.002121256247,5.42025814225374,8.55906746154275,-2.62711854801425,7.42811308890028,4.99825205597603,50.9992796945351,6578,792463321.104606
